,Personal Data,How worried are you about earthquakes,How worried are you about the Big One?,Have you ever experienced an earthquake?,Precautions for an earthquake,Knowledge of the San Andreas Fault line,Knowledge of the Yellowstone Supervolcano,Annual income,Region
0,M18 - 29 N,0,1,Minor One,N,2,1,Prefer not to answer,New England
1,M18 - 29 N,2,3,Minor One,N,0,0,"$75,000 to $99,999",East North Central
2,M18 - 29 N,1,2,Minor One,N,3,2,"$10,000 to $24,999",Pacific
3,M18 - 29 N,1,1,Minor One,N,3,1,"$25,000 to $49,999",West South Central
4,M18 - 29 Y,1,1,Minor One,N,2,4,"$200,000 and up",Middle Atlantic
5,M18 - 29 N,0,0,Minor One,N,3,1,"$25,000 to $49,999",East North Central
6,,3,0,Major One,Y,,,,
7,M18 - 29 N,0,0,No,N,1,0,Prefer not to answer,South Atlantic
8,M18 - 29 N,0,0,Minor One,N,3,2,Prefer not to answer,East North Central
9,M18 - 29 N,0,0,No,N,0,1,"$10,000 to $24,999",East North Central
10,M18 - 29 N,0,1,Major One,N,2,1,"$50,000 to $74,999",West North Central
11,M18 - 29 N,0,0,No,N,4,4,"$25,000 to $49,999",East South Central
12,,4,3,,,,,,
13,M18 - 29 Y,2,3,Minor One,N,2,1,"$0 to $9,999",Pacific
14,M18 - 29 N,1,1,No,N,3,2,"$100,000 to $124,999",New England
15,M18 - 29 Y,1,2,Minor One,N,2,2,"$50,000 to $74,999",East North Central
16,M18 - 29 N,0,0,No,N,2,2,"$25,000 to $49,999",East North Central
17,M18 - 29 Y,1,2,Minor One,N,1,2,"$75,000 to $99,999",East North Central
18,M30 - 44 Y,1,1,Minor One,N,2,2,"$25,000 to $49,999",Pacific
19,M30 - 44 Y,3,4,Minor One,N,2,1,"$10,000 to $24,999",Pacific
20,M18 - 29 N,0,0,No,N,2,2,"$50,000 to $74,999",Mountain
21,M30 - 44 N,0,0,No,N,2,3,"$75,000 to $99,999",South Atlantic
22,M18 - 29 N,0,0,Minor One,N,0,0,"$50,000 to $74,999",Middle Atlantic
23,M18 - 29 Y,1,3,Minor One,N,3,3,"$75,000 to $99,999",Middle Atlantic
24,M30 - 44 Y,0,0,Minor One,N,2,2,"$25,000 to $49,999",East North Central
25,M18 - 29 N,4,4,No,N,1,1,"$10,000 to $24,999",
26,M30 - 44 N,0,0,Minor One,N,3,3,"$75,000 to $99,999",East North Central
27,M30 - 44 N,0,0,Minor One,N,4,1,"$75,000 to $99,999",Middle Atlantic
28,M30 - 44 N,2,3,No,N,3,2,"$25,000 to $49,999",East North Central
29,M18 - 29 N,1,1,No,N,1,0,"$25,000 to $49,999",South Atlantic
30,M18 - 29 Y,1,2,Minor One,N,1,1,"$25,000 to $49,999",East North Central
31,M18 - 29 N,2,2,Minor One,N,0,0,"$0 to $9,999",East North Central
32,M30 - 44 Y,0,2,Minor One,N,2,2,"$25,000 to $49,999",
33,M18 - 29 Y,1,1,No,N,1,2,"$10,000 to $24,999",
34,M30 - 44 Y,2,2,Minor One,Y,2,2,"$100,000 to $124,999",East South Central
35,M18 - 29 N,0,0,Major One,Y,4,4,"$10,000 to $24,999",Pacific
36,M18 - 29 N,0,0,No,N,2,2,"$175,000 to $199,999",New England
37,M18 - 29 Y,0,0,No,N,2,1,"$0 to $9,999",West North Central
38,M18 - 29 Y,2,2,Minor One,Y,3,3,"$125,000 to $149,999",Pacific
39,M30 - 44 N,0,0,Minor One,N,4,4,"$75,000 to $99,999",East North Central
40,M30 - 44 Y,2,2,Major One,N,0,0,"$25,000 to $49,999",
41,M18 - 29 N,0,0,No,N,1,1,"$100,000 to $124,999",Mountain
42,M45 - 59 Y,1,2,Major One,Y,4,3,"$50,000 to $74,999",Pacific
43,M45 - 59 Y,3,3,Minor One,Y,1,3,"$10,000 to $24,999",Pacific
44,M18 - 29 Y,2,2,Minor One,N,1,1,"$50,000 to $74,999",Pacific
45,M18 - 29 Y,0,2,Minor One,Y,0,0,"$0 to $9,999",Pacific
46,M18 - 29 Y,1,3,No,Y,2,2,"$0 to $9,999",West South Central
47,M30 - 44 Y,4,4,Major One,Y,4,4,"$200,000 and up",Mountain
48,M18 - 29 N,0,0,No,N,4,4,"$75,000 to $99,999",South Atlantic
49,M30 - 44 Y,2,1,Minor One,N,4,3,"$150,000 to $174,999",Middle Atlantic
50,M45 - 59 Y,2,2,Major One,N,3,2,"$10,000 to $24,999",Middle Atlantic
51,M45 - 59 Y,2,2,Major One,Y,4,2,"$200,000 and up",Pacific
52,M30 - 44 N,0,0,No,N,3,3,"$10,000 to $24,999",West North Central
53,M45 - 59 N,0,0,Minor One,N,3,3,"$50,000 to $74,999",East South Central
54,M30 - 44 N,1,1,Minor One,N,3,1,"$0 to $9,999",East North Central
55,M30 - 44 N,4,4,Minor One,N,2,2,"$75,000 to $99,999",East North Central
56,M45 - 59 N,3,0,Minor One,N,3,3,Prefer not to answer,Pacific
57,M30 - 44 N,1,1,Minor One,N,2,2,Prefer not to answer,West North Central
58,M18 - 29 N,3,3,Minor One,N,3,3,Prefer not to answer,Pacific
59,M45 - 59 Y,1,2,Minor One,N,3,2,"$50,000 to $74,999",West South Central
60,M45 - 59 N,1,1,Major One,Y,3,2,"$200,000 and up",Pacific
61,M18 - 29 N,2,3,No,N,2,3,Prefer not to answer,Pacific
62,M18 - 29 Y,2,2,Major One,Y,3,3,Prefer not to answer,Pacific
63,M45 - 59 Y,2,3,Major One,Y,2,0,"$100,000 to $124,999",Pacific
64,M18 - 29 N,0,0,Minor One,N,3,3,Prefer not to answer,Pacific
65,M45 - 59 N,1,1,Minor One,N,2,1,"$125,000 to $149,999",Pacific
66,M30 - 44 N,1,1,Minor One,N,3,1,"$25,000 to $49,999",Pacific
67,M18 - 29 N,3,3,Minor One,N,3,3,Prefer not to answer,Pacific
68,M45 - 59 Y,2,2,Major One,Y,3,3,"$75,000 to $99,999",Pacific
69,M18 - 29 Y,1,2,No,Y,2,0,Prefer not to answer,Pacific
70,M18 - 29 N,2,3,No,N,2,2,Prefer not to answer,Pacific
71,M18 - 29 Y,4,4,No,N,0,0,Prefer not to answer,Pacific
72,M18 - 29 Y,3,4,Minor One,Y,2,0,"$25,000 to $49,999",Pacific
73,M18 - 29 N,1,1,Major One,Y,4,4,"$25,000 to $49,999",Pacific
74,M30 - 44 N,2,2,No,N,0,0,Prefer not to answer,Pacific
75,M45 - 59 Y,2,2,No,Y,2,3,Prefer not to answer,Pacific
76,M45 - 59 N,0,0,Minor One,N,1,2,"$50,000 to $74,999",South Atlantic
77,M30 - 44 Y,2,2,Major One,Y,2,0,"$10,000 to $24,999",Pacific
78,M18 - 29 Y,3,3,Minor One,Y,2,3,"$0 to $9,999",West North Central
79,M18 - 29 N,0,0,No,N,2,2,"$0 to $9,999",West North Central
80,M30 - 44 N,0,0,No,N,3,2,"$25,000 to $49,999",West North Central
81,M30 - 44 Y,4,4,Minor One,Y,1,2,"$10,000 to $24,999",East South Central
82,M18 - 29 Y,2,2,Minor One,Y,4,4,"$100,000 to $124,999",Pacific
83,M45 - 59 Y,1,2,Minor One,Y,2,2,Prefer not to answer,Pacific
84,M30 - 44 Y,4,4,No,Y,3,4,"$10,000 to $24,999",Middle Atlantic
85,M45 - 59 Y,2,2,Minor One,Y,2,2,"$200,000 and up",Pacific
86,M30 - 44 Y,1,1,Minor One,Y,3,2,"$50,000 to $74,999",Pacific
87,M18 - 29 Y,1,2,Minor One,N,0,0,"$0 to $9,999",
88,M30 - 44 Y,4,4,Minor One,N,4,4,Prefer not to answer,West South Central
89,M45 - 59 N,1,1,No,N,3,1,Prefer not to answer,South Atlantic
90,M18 - 29 N,2,2,No,Y,2,2,"$10,000 to $24,999",
91,M30 - 44 Y,3,3,Minor One,Y,3,3,"$200,000 and up",Pacific
92,M45 - 59 N,0,0,No,N,2,3,"$125,000 to $149,999",Middle Atlantic
93,M45 - 59 N,4,4,Minor One,N,3,4,Prefer not to answer,East North Central
94,M45 - 59 Y,2,2,Minor One,N,3,3,"$100,000 to $124,999",Middle Atlantic
95,M18 - 29 N,0,0,No,N,0,0,Prefer not to answer,Pacific
96,M18 - 29 N,0,0,No,N,0,0,Prefer not to answer,Pacific
97,M45 - 59 N,0,0,No,N,2,2,Prefer not to answer,South Atlantic
98,M18 - 29 Y,2,2,Minor One,N,2,0,Prefer not to answer,Pacific
99,M30 - 44 N,2,4,Major One,Y,3,2,"$0 to $9,999",Pacific
100,M30 - 44 N,2,2,Minor One,N,2,0,"$10,000 to $24,999",South Atlantic
101,M30 - 44 N,0,0,No,N,2,1,"$0 to $9,999",East North Central
102,M45 - 59 Y,2,1,Major One,Y,2,2,"$100,000 to $124,999",West South Central
103,M18 - 29 N,0,0,No,N,2,2,"$25,000 to $49,999",East South Central
104,M30 - 44 Y,1,1,Minor One,N,2,2,"$25,000 to $49,999",Mountain
105,M45 - 59 Y,3,4,No,N,0,0,"$50,000 to $74,999",West North Central
106,M45 - 59 Y,1,1,Minor One,N,1,0,Prefer not to answer,Middle Atlantic
107,M30 - 44 Y,0,0,Major One,Y,1,0,"$10,000 to $24,999",South Atlantic
108,M30 - 44 Y,1,2,No,N,3,3,"$10,000 to $24,999",Middle Atlantic
109,M30 - 44 Y,0,0,Minor One,N,2,2,"$75,000 to $99,999",West South Central
110,M45 - 59 Y,0,0,No,N,2,2,"$100,000 to $124,999",South Atlantic
111,M30 - 44 Y,1,1,No,N,1,1,"$75,000 to $99,999",East North Central
112,M45 - 59 Y,2,2,Minor One,Y,4,4,"$25,000 to $49,999",East South Central
113,M45 - 59 Y,1,1,No,N,2,3,"$10,000 to $24,999",East North Central
114,M45 - 59 N,2,2,Major One,Y,3,2,"$50,000 to $74,999",Pacific
115,M45 - 59 N,2,2,No,Y,1,2,"$150,000 to $174,999",Pacific
116,M18 - 29 N,0,0,Minor One,N,2,1,"$50,000 to $74,999",West North Central
117,M60 N,0,0,Minor One,N,2,0,"$75,000 to $99,999",Mountain
118,M30 - 44 Y,2,1,Minor One,N,4,1,"$25,000 to $49,999",South Atlantic
119,M18 - 29 Y,4,4,No,N,0,0,Prefer not to answer,Middle Atlantic
120,M30 - 44 Y,0,1,Minor One,N,3,3,Prefer not to answer,East North Central
121,M30 - 44 N,1,1,Minor One,Y,4,2,"$50,000 to $74,999",East South Central
122,M45 - 59 Y,2,2,Minor One,Y,2,0,"$200,000 and up",Pacific
123,M60 Y,0,0,Minor One,N,2,2,"$125,000 to $149,999",West South Central
124,M60 Y,2,3,Minor One,N,3,3,"$25,000 to $49,999",Pacific
125,M30 - 44 N,3,3,Minor One,N,4,4,"$75,000 to $99,999",Pacific
126,M18 - 29 Y,2,2,No,N,2,2,"$50,000 to $74,999",Mountain
127,M30 - 44 N,2,1,Minor One,N,2,2,"$100,000 to $124,999",East North Central
128,M30 - 44 N,0,0,No,Y,3,3,"$50,000 to $74,999",West South Central
129,M30 - 44 N,0,1,Minor One,N,2,3,"$50,000 to $74,999",East North Central
130,M18 - 29 Y,1,1,No,N,1,1,"$0 to $9,999",South Atlantic
131,M30 - 44 N,0,0,No,Y,3,1,"$0 to $9,999",South Atlantic
132,M18 - 29 N,1,1,No,N,2,2,Prefer not to answer,West South Central
133,M60 N,0,0,No,N,3,0,"$0 to $9,999",Mountain
134,M60 N,1,2,Major One,Y,2,3,"$25,000 to $49,999",Pacific
135,M18 - 29 N,0,0,Minor One,N,3,3,"$25,000 to $49,999",Middle Atlantic
136,M60 N,1,2,Minor One,N,3,0,"$50,000 to $74,999",Mountain
137,M30 - 44 Y,0,0,Major One,Y,4,4,"$25,000 to $49,999",Mountain
138,M60 Y,1,2,Minor One,Y,2,1,"$75,000 to $99,999",Mountain
139,M60 N,0,1,No,N,3,3,"$50,000 to $74,999",West North Central
140,M18 - 29 Y,4,4,Minor One,Y,0,0,"$0 to $9,999",West South Central
141,M60 N,2,1,Minor One,Y,2,0,"$75,000 to $99,999",Pacific
142,M18 - 29 Y,2,2,Minor One,Y,2,2,"$75,000 to $99,999",
143,M45 - 59 N,2,2,No,N,4,4,"$75,000 to $99,999",West North Central
144,M30 - 44 Y,3,3,Major One,N,1,0,"$50,000 to $74,999",
145,M30 - 44 Y,1,2,Minor One,N,2,0,"$75,000 to $99,999",Middle Atlantic
146,M60 Y,3,3,Major One,N,3,3,"$100,000 to $124,999",Pacific
147,M45 - 59 N,0,1,No,N,3,1,"$75,000 to $99,999",West North Central
148,M60 Y,0,0,Major One,Y,2,4,"$200,000 and up",Mountain
149,M45 - 59 N,1,1,No,N,2,0,"$25,000 to $49,999",South Atlantic
150,M45 - 59 Y,1,2,No,N,3,3,"$200,000 and up",East South Central
151,,0,0,,,,,,
152,M30 - 44 Y,4,4,Major One,Y,4,4,"$0 to $9,999",Middle Atlantic
153,M30 - 44 N,2,2,Minor One,N,2,3,Prefer not to answer,Middle Atlantic
154,M60 N,0,0,Minor One,N,3,2,"$200,000 and up",East North Central
155,M30 - 44 Y,0,0,Minor One,N,2,2,"$50,000 to $74,999",Pacific
156,M60 N,1,1,Major One,Y,3,1,Prefer not to answer,Mountain
157,M45 - 59 Y,1,1,Major One,Y,3,3,"$125,000 to $149,999",Pacific
158,M60 Y,1,2,Minor One,N,2,2,"$10,000 to $24,999",East North Central
159,M18 - 29 N,4,4,Minor One,N,2,4,"$10,000 to $24,999",West South Central
160,M30 - 44 N,1,2,Minor One,N,3,3,"$50,000 to $74,999",Pacific
161,M45 - 59 N,1,1,Minor One,Y,3,1,"$75,000 to $99,999",South Atlantic
162,,3,2,Minor One,N,,,,
163,M45 - 59 N,1,0,No,N,3,1,"$75,000 to $99,999",West South Central
164,M18 - 29 N,1,0,Minor One,N,2,0,"$50,000 to $74,999",Pacific
165,M18 - 29 Y,2,2,Minor One,N,3,4,"$75,000 to $99,999",South Atlantic
166,M45 - 59 N,1,0,Minor One,N,2,2,"$75,000 to $99,999",Mountain
167,M18 - 29 N,0,2,No,N,0,0,Prefer not to answer,Middle Atlantic
168,M45 - 59 Y,0,0,Minor One,N,2,0,"$125,000 to $149,999",West South Central
169,M18 - 29 N,0,0,Minor One,N,4,4,Prefer not to answer,Middle Atlantic
170,M18 - 29 Y,4,3,No,N,0,4,"$0 to $9,999",West South Central
171,M30 - 44 Y,2,2,Major One,N,3,1,Prefer not to answer,Pacific
172,M45 - 59 N,1,1,Major One,N,3,1,"$200,000 and up",Middle Atlantic
173,M60 Y,2,2,No,Y,2,2,"$75,000 to $99,999",Pacific
174,M45 - 59 N,0,0,No,N,3,1,"$10,000 to $24,999",West South Central
175,M30 - 44 N,1,1,Minor One,N,2,1,Prefer not to answer,New England
176,M30 - 44 N,3,4,Minor One,N,1,1,"$10,000 to $24,999",
177,M18 - 29 N,2,0,Minor One,Y,0,0,Prefer not to answer,Pacific
178,M45 - 59 Y,4,4,Minor One,N,3,2,"$50,000 to $74,999",South Atlantic
179,M60 Y,0,0,Major One,Y,4,4,Prefer not to answer,Mountain
180,M60 N,1,1,Minor One,N,4,4,"$125,000 to $149,999",West North Central
181,M30 - 44 N,0,0,No,N,2,1,"$125,000 to $149,999",South Atlantic
182,M30 - 44 Y,0,0,Minor One,Y,0,0,Prefer not to answer,
183,M18 - 29 Y,2,1,No,N,0,2,Prefer not to answer,
184,M30 - 44 N,0,0,Minor One,Y,1,1,"$75,000 to $99,999",Pacific
185,M60 N,1,1,No,N,2,1,"$50,000 to $74,999",East South Central
186,M45 - 59 N,1,0,No,N,2,0,"$50,000 to $74,999",Middle Atlantic
187,M60 Y,1,1,Minor One,N,3,0,"$50,000 to $74,999",South Atlantic
188,M30 - 44 N,3,3,Major One,Y,3,3,"$200,000 and up",Pacific
189,M60 N,1,0,Minor One,N,2,1,Prefer not to answer,West South Central
190,M30 - 44 N,0,0,No,N,1,0,"$50,000 to $74,999",East North Central
191,M60 Y,2,2,Minor One,N,2,1,"$75,000 to $99,999",Middle Atlantic
192,M30 - 44 Y,2,2,Minor One,N,2,2,Prefer not to answer,Middle Atlantic
193,M45 - 59 N,0,0,Major One,Y,4,4,"$100,000 to $124,999",Middle Atlantic
194,F60 Y,1,2,Major One,N,3,1,"$125,000 to $149,999",Middle Atlantic
195,M30 - 44 Y,2,1,Minor One,Y,3,3,"$75,000 to $99,999",New England
196,M30 - 44 Y,1,2,No,N,2,2,"$200,000 and up",East North Central
197,F60 Y,1,1,Minor One,N,3,1,Prefer not to answer,South Atlantic
198,M18 - 29 N,1,1,No,N,2,2,Prefer not to answer,West North Central
199,M30 - 44 Y,1,1,No,N,3,3,"$0 to $9,999",East North Central
200,F60 N,0,0,No,N,0,0,"$10,000 to $24,999",East North Central
201,F60 Y,2,3,Major One,N,2,2,"$75,000 to $99,999",Mountain
202,M45 - 59 N,0,2,No,N,2,3,"$125,000 to $149,999",South Atlantic
203,M60 Y,1,1,Minor One,N,2,1,"$25,000 to $49,999",South Atlantic
204,M45 - 59 N,2,2,Minor One,Y,3,2,"$50,000 to $74,999",Mountain
205,M60 Y,0,0,Minor One,N,3,3,"$125,000 to $149,999",Middle Atlantic
206,M30 - 44 N,2,2,No,N,1,1,"$75,000 to $99,999",South Atlantic
207,M30 - 44 N,0,0,No,N,2,1,"$175,000 to $199,999",West South Central
208,M45 - 59 Y,1,1,Major One,Y,4,3,"$100,000 to $124,999",Pacific
209,F60 N,2,2,Major One,N,2,3,"$150,000 to $174,999",Pacific
210,M30 - 44 N,0,0,Minor One,N,3,0,"$150,000 to $174,999",Middle Atlantic
211,M45 - 59 Y,0,0,Major One,Y,4,4,"$25,000 to $49,999",West South Central
212,F18 - 29 N,1,2,Minor One,N,0,3,Prefer not to answer,Pacific
213,F18 - 29 N,0,0,No,N,1,2,"$25,000 to $49,999",Mountain
214,F18 - 29 Y,0,3,No,N,2,2,"$25,000 to $49,999",East North Central
215,M30 - 44 Y,1,1,Minor One,N,3,2,"$25,000 to $49,999",South Atlantic
216,M30 - 44 N,0,0,No,N,4,4,"$25,000 to $49,999",East South Central
217,M45 - 59 Y,1,2,Minor One,Y,3,3,"$100,000 to $124,999",Middle Atlantic
218,F60 Y,1,1,Major One,Y,4,0,"$50,000 to $74,999",Pacific
219,F18 - 29 Y,3,3,Minor One,N,2,1,"$10,000 to $24,999",Pacific
220,F18 - 29 N,0,0,No,N,0,0,"$0 to $9,999",West South Central
221,M60 Y,0,0,No,N,0,0,"$25,000 to $49,999",East North Central
222,F60 N,2,2,No,N,2,2,"$25,000 to $49,999",West North Central
223,F18 - 29 N,1,2,Minor One,N,1,2,"$25,000 to $49,999",Pacific
224,F60 N,1,1,Minor One,N,0,0,"$50,000 to $74,999",East South Central
225,M60 N,0,0,No,N,3,2,"$50,000 to $74,999",East North Central
226,M45 - 59 N,3,4,Minor One,Y,4,2,"$25,000 to $49,999",South Atlantic
227,F60 N,0,1,No,N,2,0,Prefer not to answer,West North Central
228,F18 - 29 Y,2,2,Minor One,N,3,4,"$25,000 to $49,999",Middle Atlantic
229,M45 - 59 N,0,0,No,N,0,0,"$75,000 to $99,999",West South Central
230,F60 Y,1,2,Minor One,N,2,1,"$25,000 to $49,999",South Atlantic
231,F18 - 29 Y,2,3,Major One,Y,2,2,Prefer not to answer,Pacific
232,F60 N,2,1,Minor One,Y,3,2,"$125,000 to $149,999",East South Central
233,M45 - 59 N,0,0,No,N,2,2,"$175,000 to $199,999",East North Central
234,M60 Y,1,1,Major One,N,2,2,"$125,000 to $149,999",Mountain
235,M30 - 44 Y,1,1,No,N,3,3,"$25,000 to $49,999",New England
236,F18 - 29 N,4,4,Minor One,N,0,0,"$0 to $9,999",
237,M45 - 59 N,0,0,Minor One,N,4,4,"$75,000 to $99,999",South Atlantic
238,M30 - 44 N,1,3,No,Y,1,2,"$10,000 to $24,999",South Atlantic
239,M30 - 44 N,0,1,Minor One,N,2,1,"$50,000 to $74,999",West South Central
240,F18 - 29 N,2,1,Minor One,N,2,0,"$0 to $9,999",South Atlantic
241,M60 N,1,3,No,N,0,0,"$75,000 to $99,999",East North Central
242,M60 Y,2,1,Major One,N,4,2,"$125,000 to $149,999",West South Central
243,F18 - 29 Y,2,2,Minor One,N,2,2,"$75,000 to $99,999",Pacific
244,M60 N,1,1,Major One,Y,1,1,"$50,000 to $74,999",Pacific
245,M45 - 59 N,4,4,No,N,0,0,"$50,000 to $74,999",West North Central
246,M30 - 44 Y,2,3,No,N,3,2,"$50,000 to $74,999",New England
247,F60 N,1,1,No,N,1,1,Prefer not to answer,East South Central
248,M45 - 59 N,1,1,Minor One,N,3,2,"$100,000 to $124,999",New England
249,F18 - 29 Y,3,4,Minor One,N,1,1,Prefer not to answer,New England
250,M60 N,1,1,Minor One,N,3,3,"$25,000 to $49,999",East North Central
251,F18 - 29 N,3,4,No,Y,1,1,Prefer not to answer,East North Central
252,F60 N,1,1,Minor One,N,1,1,"$75,000 to $99,999",Middle Atlantic
253,M18 - 29 Y,3,4,No,N,2,4,"$0 to $9,999",West North Central
254,M60 N,0,0,Major One,N,3,4,"$50,000 to $74,999",Mountain
255,F18 - 29 Y,4,4,No,Y,0,0,"$0 to $9,999",East North Central
256,M60 N,0,0,Minor One,Y,0,0,"$50,000 to $74,999",Middle Atlantic
257,F60 N,0,0,No,N,1,0,Prefer not to answer,West North Central
258,M60 N,0,0,Minor One,N,3,2,"$75,000 to $99,999",East North Central
259,M45 - 59 N,2,2,Minor One,Y,2,2,"$100,000 to $124,999",Middle Atlantic
260,F45 - 59 N,1,0,Minor One,N,2,2,"$25,000 to $49,999",West North Central
261,F45 - 59 N,0,0,Minor One,N,2,0,"$75,000 to $99,999",West North Central
262,F18 - 29 Y,4,4,No,N,3,1,"$0 to $9,999",East North Central
263,M30 - 44 Y,0,0,Minor One,N,2,3,Prefer not to answer,Mountain
264,F18 - 29 Y,2,2,Minor One,Y,1,2,"$50,000 to $74,999",Pacific
265,F45 - 59 N,0,0,No,N,2,0,"$50,000 to $74,999",East North Central
266,M18 - 29 N,2,2,No,N,2,2,"$50,000 to $74,999",South Atlantic
267,F45 - 59 N,0,0,No,N,2,0,"$50,000 to $74,999",New England
268,F45 - 59 Y,2,2,Minor One,N,3,1,"$175,000 to $199,999",West South Central
269,M18 - 29 Y,0,0,No,N,2,0,"$0 to $9,999",West South Central
270,M45 - 59 N,0,0,Major One,N,3,0,"$50,000 to $74,999",Mountain
271,M60 Y,2,2,Minor One,N,3,2,"$10,000 to $24,999",Mountain
272,F45 - 59 N,1,1,Minor One,N,2,3,Prefer not to answer,East North Central
273,F45 - 59 Y,1,1,Major One,N,2,1,"$25,000 to $49,999",Pacific
274,F60 N,0,0,Major One,N,4,3,"$25,000 to $49,999",Mountain
275,M30 - 44 N,1,0,Major One,N,4,2,Prefer not to answer,Pacific
276,F45 - 59 N,2,1,Minor One,N,2,1,"$125,000 to $149,999",West South Central
277,M45 - 59 Y,0,0,Minor One,N,4,4,"$10,000 to $24,999",West North Central
278,M45 - 59 Y,0,0,Minor One,N,3,3,"$125,000 to $149,999",East North Central
279,F18 - 29 Y,0,1,No,N,3,2,"$25,000 to $49,999",West North Central
280,F18 - 29 N,0,0,No,N,2,2,"$0 to $9,999",West North Central
281,F45 - 59 Y,3,3,Major One,Y,2,0,Prefer not to answer,Pacific
282,F60 N,1,1,Minor One,N,3,4,"$50,000 to $74,999",East North Central
283,F45 - 59 Y,1,1,Minor One,N,2,0,"$125,000 to $149,999",Middle Atlantic
284,F45 - 59 N,0,0,No,N,2,0,"$175,000 to $199,999",New England
285,F18 - 29 Y,2,2,Minor One,N,1,0,"$25,000 to $49,999",East South Central
286,M60 N,0,0,No,N,2,1,"$50,000 to $74,999",West North Central
287,F45 - 59 N,2,2,No,N,0,1,"$0 to $9,999",West South Central
288,F45 - 59 N,1,1,Minor One,Y,1,1,"$25,000 to $49,999",Pacific
289,F45 - 59 Y,3,3,Minor One,Y,2,3,"$25,000 to $49,999",Mountain
290,F45 - 59 Y,2,2,No,N,2,0,"$175,000 to $199,999",West South Central
291,M45 - 59 N,0,0,Major One,N,2,3,"$75,000 to $99,999",New England
292,F30 - 44 Y,1,1,Minor One,N,1,1,Prefer not to answer,South Atlantic
293,M45 - 59 N,2,2,Minor One,N,2,2,"$75,000 to $99,999",
294,F60 N,0,2,No,N,2,0,Prefer not to answer,East North Central
295,M30 - 44 N,0,0,No,N,3,0,"$50,000 to $74,999",Middle Atlantic
296,F18 - 29 N,1,0,Minor One,N,2,2,"$10,000 to $24,999",South Atlantic
297,M45 - 59 N,2,2,Minor One,N,2,1,"$125,000 to $149,999",Pacific
298,F30 - 44 Y,1,1,Minor One,N,3,3,"$200,000 and up",West North Central
299,F30 - 44 N,2,2,No,N,1,1,"$25,000 to $49,999",West North Central
300,F45 - 59 N,1,2,Minor One,N,3,3,"$50,000 to $74,999",West North Central
301,F30 - 44 Y,1,1,No,N,4,4,"$125,000 to $149,999",East North Central
302,F30 - 44 N,0,0,No,N,1,1,"$75,000 to $99,999",East North Central
303,F18 - 29 N,0,0,No,N,0,0,"$10,000 to $24,999",East North Central
304,M30 - 44 Y,0,0,No,N,2,2,"$50,000 to $74,999",West South Central
305,F60 N,2,2,Minor One,Y,2,0,Prefer not to answer,East North Central
306,F30 - 44 Y,2,2,Minor One,Y,3,4,Prefer not to answer,Pacific
307,M60 Y,1,1,Major One,Y,4,4,"$150,000 to $174,999",West South Central
308,F45 - 59 Y,2,2,No,N,1,2,"$100,000 to $124,999",East North Central
309,F18 - 29 Y,0,0,No,N,2,3,"$75,000 to $99,999",West South Central
310,M30 - 44 Y,1,2,No,N,0,2,"$50,000 to $74,999",West South Central
311,F45 - 59 Y,1,0,Major One,N,1,1,"$75,000 to $99,999",Pacific
312,M60 N,0,0,No,N,2,0,Prefer not to answer,West South Central
313,F30 - 44 N,0,0,No,N,2,2,"$100,000 to $124,999",West North Central
314,F30 - 44 Y,0,0,No,N,2,2,"$25,000 to $49,999",East South Central
315,M30 - 44 N,2,0,Major One,Y,3,2,"$25,000 to $49,999",New England
316,F30 - 44 N,2,1,Major One,N,1,0,"$10,000 to $24,999",
317,M60 Y,0,0,No,N,1,1,"$50,000 to $74,999",West North Central
318,F18 - 29 N,1,0,No,N,3,2,"$0 to $9,999",Middle Atlantic
319,F18 - 29 N,0,0,No,N,2,3,"$25,000 to $49,999",Mountain
320,M30 - 44 N,0,1,Minor One,N,2,3,"$10,000 to $24,999",Pacific
321,F30 - 44 Y,2,3,Minor One,N,2,2,"$25,000 to $49,999",West South Central
322,F45 - 59 N,1,1,No,N,1,2,Prefer not to answer,West South Central
323,M30 - 44 N,0,4,No,N,1,0,Prefer not to answer,South Atlantic
324,F30 - 44 Y,4,3,Major One,N,3,4,"$100,000 to $124,999",East North Central
325,M30 - 44 Y,4,4,No,N,1,1,Prefer not to answer,Middle Atlantic
326,F30 - 44 Y,2,2,Minor One,Y,3,2,"$175,000 to $199,999",Pacific
327,F18 - 29 N,0,0,No,N,0,0,"$25,000 to $49,999",East North Central
328,F60 N,0,1,Minor One,N,3,0,Prefer not to answer,Middle Atlantic
329,M45 - 59 N,1,1,No,N,3,3,Prefer not to answer,Middle Atlantic
330,F60 N,1,2,No,N,2,1,Prefer not to answer,East South Central
331,F60 Y,1,1,Minor One,N,2,2,"$25,000 to $49,999",Middle Atlantic
332,F60 N,2,2,Major One,N,3,4,"$10,000 to $24,999",Pacific
333,F18 - 29 Y,1,1,No,N,2,0,"$75,000 to $99,999",New England
334,M60 Y,1,1,No,N,3,2,"$100,000 to $124,999",East North Central
335,F18 - 29 Y,4,4,No,N,0,0,"$0 to $9,999",Pacific
336,F18 - 29 Y,2,2,Minor One,Y,2,2,"$150,000 to $174,999",Pacific
337,M30 - 44 N,0,0,Minor One,N,1,0,"$100,000 to $124,999",South Atlantic
338,F30 - 44 N,0,0,Minor One,N,0,0,"$125,000 to $149,999",South Atlantic
339,F30 - 44 Y,2,1,No,N,0,0,"$100,000 to $124,999",Middle Atlantic
340,F45 - 59 N,0,0,No,N,2,0,"$50,000 to $74,999",East North Central
341,M60 Y,0,0,Minor One,N,2,0,Prefer not to answer,Pacific
342,F30 - 44 N,0,1,No,N,3,3,"$100,000 to $124,999",New England
343,F45 - 59 Y,2,2,No,N,2,1,"$100,000 to $124,999",East North Central
344,F45 - 59 N,0,0,Minor One,N,1,0,"$200,000 and up",Middle Atlantic
345,F18 - 29 N,2,1,Minor One,N,3,1,"$10,000 to $24,999",South Atlantic
346,M45 - 59 Y,0,0,Minor One,N,2,2,Prefer not to answer,West South Central
347,F60 N,3,2,Minor One,N,3,1,"$50,000 to $74,999",South Atlantic
348,M45 - 59 N,0,0,Minor One,N,2,1,"$150,000 to $174,999",Middle Atlantic
349,F45 - 59 N,1,1,No,N,0,0,Prefer not to answer,Middle Atlantic
350,F45 - 59 N,1,1,No,N,2,1,Prefer not to answer,East South Central
351,F45 - 59 Y,0,1,Minor One,N,4,4,"$75,000 to $99,999",East North Central
352,M45 - 59 Y,2,2,Minor One,N,3,3,"$0 to $9,999",Middle Atlantic
353,F18 - 29 N,1,1,No,N,2,1,Prefer not to answer,East North Central
354,F60 Y,1,1,Minor One,N,3,0,Prefer not to answer,Middle Atlantic
355,M60 N,0,0,No,N,3,1,"$75,000 to $99,999",New England
356,M18 - 29 N,1,1,No,N,3,2,Prefer not to answer,New England
357,M18 - 29 N,4,4,Minor One,N,0,0,"$0 to $9,999",South Atlantic
358,,4,4,No,N,,,,
359,F30 - 44 N,0,0,Minor One,N,2,2,"$0 to $9,999",East South Central
360,M45 - 59 Y,0,0,No,N,1,0,Prefer not to answer,
361,F45 - 59 N,1,1,No,N,2,1,Prefer not to answer,New England
362,M60 Y,0,0,Minor One,N,2,2,"$75,000 to $99,999",Middle Atlantic
363,F60 N,0,1,Minor One,N,4,4,"$50,000 to $74,999",Middle Atlantic
364,M18 - 29 Y,1,1,No,N,3,2,"$100,000 to $124,999",South Atlantic
365,F30 - 44 N,2,1,Minor One,N,2,2,"$75,000 to $99,999",West South Central
366,M60 N,0,0,Minor One,N,2,2,"$150,000 to $174,999",East North Central
367,M45 - 59 Y,0,0,Major One,Y,4,3,"$200,000 and up",Pacific
368,F18 - 29 N,2,2,Minor One,N,1,0,Prefer not to answer,East North Central
369,F30 - 44 Y,2,2,Minor One,N,2,0,"$75,000 to $99,999",West North Central
370,F45 - 59 N,1,1,No,N,0,0,Prefer not to answer,Middle Atlantic
371,M60 N,1,1,Major One,Y,4,2,"$0 to $9,999",South Atlantic
372,F60 Y,2,1,Minor One,N,2,1,"$25,000 to $49,999",East North Central
373,F60 Y,2,1,Minor One,Y,3,3,"$25,000 to $49,999",Mountain
374,F60 Y,1,2,Minor One,N,2,0,"$75,000 to $99,999",New England
375,F30 - 44 Y,0,1,Minor One,N,4,4,"$75,000 to $99,999",Middle Atlantic
376,M60 N,2,2,Minor One,Y,3,1,"$75,000 to $99,999",West North Central
377,F30 - 44 Y,1,2,No,N,2,2,"$100,000 to $124,999",East North Central
378,M45 - 59 Y,1,2,No,N,3,3,"$50,000 to $74,999",West South Central
379,F60 N,0,0,Minor One,N,3,3,"$25,000 to $49,999",Mountain
380,M60 N,0,0,Major One,Y,4,4,Prefer not to answer,Pacific
381,F45 - 59 N,0,1,Minor One,N,2,1,Prefer not to answer,East North Central
382,M60 N,1,2,Major One,Y,3,3,Prefer not to answer,Pacific
383,M30 - 44 N,0,0,No,N,3,2,"$25,000 to $49,999",New England
384,F18 - 29 Y,1,2,No,N,2,1,Prefer not to answer,Pacific
385,F30 - 44 N,0,0,No,N,2,0,"$50,000 to $74,999",West North Central
386,F45 - 59 Y,2,2,Minor One,Y,3,2,"$50,000 to $74,999",Pacific
387,F45 - 59 Y,2,1,Major One,Y,4,1,Prefer not to answer,Pacific
388,F18 - 29 Y,4,4,Minor One,Y,0,0,"$10,000 to $24,999",South Atlantic
389,F30 - 44 Y,3,3,Major One,Y,4,3,"$125,000 to $149,999",Pacific
390,F60 N,1,1,No,N,0,2,"$10,000 to $24,999",West South Central
391,M60 N,1,1,Minor One,N,3,0,"$75,000 to $99,999",South Atlantic
392,M30 - 44 Y,1,1,Minor One,Y,3,3,"$10,000 to $24,999",South Atlantic
393,F18 - 29 N,3,3,Minor One,N,3,2,Prefer not to answer,East North Central
394,F30 - 44 N,0,0,No,N,0,2,"$25,000 to $49,999",South Atlantic
395,,3,4,,,,,,
396,M45 - 59 N,1,0,No,N,2,2,"$100,000 to $124,999",East North Central
397,F60 N,2,2,Minor One,N,2,0,"$25,000 to $49,999",West North Central
398,F45 - 59 N,0,0,Minor One,N,3,0,Prefer not to answer,South Atlantic
399,F30 - 44 Y,1,1,No,N,2,2,"$75,000 to $99,999",West North Central
400,M18 - 29 Y,1,0,No,N,2,3,"$25,000 to $49,999",Middle Atlantic
401,F18 - 29 Y,2,3,Minor One,Y,3,2,"$25,000 to $49,999",Pacific
402,M60 N,0,1,Major One,Y,3,3,"$75,000 to $99,999",Pacific
403,M18 - 29 N,0,0,No,N,2,2,Prefer not to answer,West North Central
404,M60 Y,1,2,Minor One,N,2,2,"$150,000 to $174,999",South Atlantic
405,F18 - 29 N,4,2,No,N,3,2,"$0 to $9,999",West South Central
406,F18 - 29 N,1,0,Minor One,N,1,2,"$50,000 to $74,999",South Atlantic
407,F30 - 44 N,0,0,Major One,N,4,4,"$10,000 to $24,999",West South Central
408,F60 Y,1,1,Minor One,Y,4,4,"$50,000 to $74,999",Pacific
409,F45 - 59 Y,2,2,Minor One,Y,2,0,"$200,000 and up",East North Central
410,F30 - 44 N,2,3,Major One,Y,3,2,"$150,000 to $174,999",Pacific
411,F60 Y,3,3,Minor One,N,4,3,"$50,000 to $74,999",Pacific
412,F45 - 59 Y,2,2,No,N,2,3,"$50,000 to $74,999",Mountain
413,M60 N,0,0,Minor One,N,2,2,"$75,000 to $99,999",East North Central
414,F18 - 29 N,0,0,No,N,2,2,"$25,000 to $49,999",Middle Atlantic
415,F30 - 44 Y,4,1,No,N,2,1,"$75,000 to $99,999",New England
416,M60 Y,3,4,No,Y,3,1,"$0 to $9,999",South Atlantic
417,F18 - 29 Y,1,2,No,N,2,2,"$50,000 to $74,999",East South Central
418,M30 - 44 Y,2,2,Minor One,N,2,2,Prefer not to answer,East South Central
419,M45 - 59 N,0,0,No,N,3,1,"$75,000 to $99,999",West South Central
420,F45 - 59 Y,3,3,No,N,0,0,"$0 to $9,999",New England
421,M30 - 44 Y,4,4,Minor One,Y,0,2,"$50,000 to $74,999",South Atlantic
422,F30 - 44 N,1,4,No,N,0,0,Prefer not to answer,South Atlantic
423,F18 - 29 N,0,0,No,N,0,0,"$0 to $9,999",Middle Atlantic
424,F30 - 44 N,0,1,Minor One,N,2,0,Prefer not to answer,Mountain
425,M60 N,0,1,Major One,N,3,1,"$125,000 to $149,999",West South Central
426,M18 - 29 Y,0,0,Major One,N,3,3,"$75,000 to $99,999",Pacific
427,M30 - 44 N,0,1,Minor One,N,4,2,"$50,000 to $74,999",East North Central
428,F60 N,0,0,No,N,2,2,"$25,000 to $49,999",Middle Atlantic
429,F45 - 59 Y,0,0,Minor One,N,2,3,"$25,000 to $49,999",Mountain
430,M30 - 44 Y,1,1,Minor One,N,3,3,"$10,000 to $24,999",West South Central
431,F45 - 59 Y,0,0,Minor One,N,3,1,"$50,000 to $74,999",Pacific
432,M30 - 44 N,0,0,No,N,2,2,"$75,000 to $99,999",West South Central
433,F30 - 44 N,0,0,No,N,2,0,"$50,000 to $74,999",Middle Atlantic
434,F60 Y,0,0,Minor One,N,4,4,"$200,000 and up",West North Central
435,F45 - 59 Y,4,4,No,N,0,0,"$10,000 to $24,999",West South Central
436,M60 N,0,0,No,N,2,0,"$175,000 to $199,999",New England
437,M18 - 29 N,1,0,Minor One,N,2,2,"$25,000 to $49,999",East North Central
438,F60 N,0,0,Minor One,N,2,1,"$125,000 to $149,999",Mountain
439,F60 Y,0,0,Minor One,N,2,0,"$75,000 to $99,999",Middle Atlantic
440,F30 - 44 Y,0,0,No,N,2,2,"$100,000 to $124,999",South Atlantic
441,F45 - 59 Y,2,2,Major One,N,3,2,"$150,000 to $174,999",New England
442,M30 - 44 N,1,1,Minor One,N,1,1,"$50,000 to $74,999",East North Central
443,F60 Y,4,3,Minor One,Y,3,2,"$25,000 to $49,999",Pacific
444,M45 - 59 N,1,1,Minor One,N,3,2,"$50,000 to $74,999",New England
445,F30 - 44 N,0,0,Major One,N,3,0,Prefer not to answer,Pacific
446,F60 N,2,2,Minor One,Y,1,1,"$10,000 to $24,999",South Atlantic
447,F45 - 59 N,1,1,No,N,1,1,"$175,000 to $199,999",West South Central
448,M45 - 59 N,1,2,Major One,N,3,3,"$25,000 to $49,999",Mountain
449,F30 - 44 N,0,0,No,N,2,0,Prefer not to answer,East North Central
450,F30 - 44 N,1,1,No,N,0,1,"$100,000 to $124,999",South Atlantic
451,F45 - 59 Y,1,1,Major One,Y,4,4,"$25,000 to $49,999",Pacific
452,F30 - 44 N,4,3,Major One,Y,2,1,"$25,000 to $49,999",
453,F18 - 29 N,1,0,Minor One,N,2,2,"$200,000 and up",New England
454,F30 - 44 N,0,0,No,Y,3,3,Prefer not to answer,Pacific
455,M30 - 44 N,1,2,Minor One,N,0,0,Prefer not to answer,South Atlantic
456,M60 N,0,0,Minor One,N,3,4,"$200,000 and up",West South Central
457,F45 - 59 Y,1,1,Major One,N,4,2,Prefer not to answer,Pacific
458,F45 - 59 N,1,1,Minor One,N,1,1,"$100,000 to $124,999",East North Central
459,M45 - 59 N,1,2,No,N,2,1,"$100,000 to $124,999",East North Central
460,F60 N,1,1,No,N,1,0,Prefer not to answer,New England
461,F30 - 44 N,2,2,No,Y,3,3,"$0 to $9,999",South Atlantic
462,F60 N,1,1,No,N,3,3,"$175,000 to $199,999",New England
463,F45 - 59 Y,2,2,Major One,N,3,1,"$10,000 to $24,999",Pacific
464,F45 - 59 N,1,1,Minor One,Y,3,0,"$75,000 to $99,999",West North Central
465,F18 - 29 Y,0,0,No,N,3,0,Prefer not to answer,Middle Atlantic
466,M60 Y,2,2,Minor One,Y,4,1,"$50,000 to $74,999",New England
467,F60 N,1,1,No,N,0,0,"$0 to $9,999",East South Central
468,F18 - 29 N,2,2,No,N,2,2,"$25,000 to $49,999",South Atlantic
469,F45 - 59 N,1,2,Minor One,N,4,2,"$50,000 to $74,999",South Atlantic
470,F60 N,1,1,Minor One,N,2,2,"$10,000 to $24,999",New England
471,F60 N,0,0,No,N,2,1,"$50,000 to $74,999",Middle Atlantic
472,F45 - 59 N,0,0,Minor One,N,2,0,"$50,000 to $74,999",Mountain
473,M45 - 59 Y,0,1,Minor One,N,2,2,"$150,000 to $174,999",East North Central
474,F60 N,1,0,No,N,2,0,"$10,000 to $24,999",Middle Atlantic
475,F30 - 44 N,0,1,No,N,3,1,"$125,000 to $149,999",East North Central
476,F30 - 44 N,0,0,No,N,0,0,"$50,000 to $74,999",South Atlantic
477,M60 N,1,1,Major One,N,1,1,"$10,000 to $24,999",West South Central
478,M30 - 44 Y,3,3,Major One,Y,3,3,"$200,000 and up",Pacific
479,F30 - 44 Y,1,1,Minor One,N,0,0,"$25,000 to $49,999",East North Central
480,F18 - 29 Y,2,2,No,N,0,0,Prefer not to answer,Middle Atlantic
481,M45 - 59 Y,0,0,Minor One,Y,4,4,"$150,000 to $174,999",West South Central
482,F45 - 59 N,1,2,Minor One,N,1,1,"$0 to $9,999",
483,F30 - 44 Y,0,2,No,N,2,1,Prefer not to answer,East North Central
484,M45 - 59 Y,2,2,Major One,N,3,2,"$50,000 to $74,999",Pacific
485,F18 - 29 N,1,2,No,N,2,3,"$100,000 to $124,999",South Atlantic
486,F60 N,1,1,Minor One,N,2,0,"$75,000 to $99,999",East North Central
487,F30 - 44 Y,2,2,No,Y,3,2,Prefer not to answer,Mountain
488,F45 - 59 N,0,0,No,N,2,1,"$100,000 to $124,999",East North Central
489,F18 - 29 N,1,1,No,N,2,1,"$50,000 to $74,999",West North Central
490,M60 N,0,0,Minor One,N,3,0,"$100,000 to $124,999",Middle Atlantic
491,F45 - 59 N,1,1,Minor One,N,2,1,"$125,000 to $149,999",South Atlantic
492,F30 - 44 N,0,0,Minor One,N,2,1,"$100,000 to $124,999",Middle Atlantic
493,F60 Y,2,3,Minor One,N,2,2,Prefer not to answer,Mountain
494,F30 - 44 N,0,0,No,N,2,0,"$50,000 to $74,999",West South Central
495,M60 N,0,0,No,N,3,3,"$50,000 to $74,999",East North Central
496,M45 - 59 N,0,0,Minor One,N,3,3,"$50,000 to $74,999",Middle Atlantic
497,F45 - 59 Y,2,2,Major One,Y,2,2,"$100,000 to $124,999",South Atlantic
498,F45 - 59 Y,0,0,No,N,2,0,Prefer not to answer,South Atlantic
499,M45 - 59 N,1,1,Minor One,N,2,0,"$200,000 and up",South Atlantic
500,F60 N,1,1,Minor One,N,4,2,"$25,000 to $49,999",South Atlantic
501,F60 N,1,1,Major One,Y,4,4,"$25,000 to $49,999",South Atlantic
502,M45 - 59 N,0,0,Minor One,Y,2,0,"$100,000 to $124,999",South Atlantic
503,F60 Y,4,4,Major One,Y,3,0,"$75,000 to $99,999",Pacific
504,M30 - 44 Y,2,2,Major One,Y,1,2,"$50,000 to $74,999",Pacific
505,M45 - 59 Y,0,0,Minor One,N,2,0,"$125,000 to $149,999",West South Central
506,F18 - 29 Y,3,3,Minor One,N,2,1,"$125,000 to $149,999",West South Central
507,M60 N,1,1,Minor One,N,3,2,Prefer not to answer,New England
508,M45 - 59 N,0,0,Minor One,N,2,0,Prefer not to answer,East North Central
509,F60 Y,3,2,Major One,Y,4,0,Prefer not to answer,Pacific
510,M45 - 59 Y,0,0,Minor One,N,2,2,"$75,000 to $99,999",South Atlantic
511,M45 - 59 N,1,1,Minor One,N,3,0,"$125,000 to $149,999",
512,M30 - 44 N,2,2,Minor One,N,3,4,"$50,000 to $74,999",Middle Atlantic
513,M30 - 44 Y,0,0,Minor One,N,3,2,"$50,000 to $74,999",East South Central
514,F18 - 29 N,0,0,Minor One,N,0,0,"$100,000 to $124,999",Pacific
515,F18 - 29 N,0,0,Minor One,N,3,1,"$25,000 to $49,999",East North Central
516,M18 - 29 Y,1,2,Minor One,N,2,3,"$150,000 to $174,999",Pacific
517,F45 - 59 N,0,0,No,N,0,0,"$75,000 to $99,999",West South Central
518,F45 - 59 Y,2,3,Minor One,N,1,0,"$25,000 to $49,999",East North Central
519,F60 N,3,3,Major One,Y,2,1,"$50,000 to $74,999",Pacific
520,F18 - 29 N,0,0,No,N,0,2,"$0 to $9,999",West South Central
521,F30 - 44 Y,2,1,Minor One,N,2,1,"$25,000 to $49,999",Middle Atlantic
522,F45 - 59 Y,1,1,No,N,2,2,"$25,000 to $49,999",South Atlantic
523,M45 - 59 Y,2,2,Minor One,Y,4,4,"$150,000 to $174,999",East South Central
524,F60 Y,1,1,Major One,N,4,0,"$25,000 to $49,999",Pacific
525,F30 - 44 Y,4,3,No,N,0,0,"$75,000 to $99,999",East North Central
526,F45 - 59 Y,0,0,No,N,4,3,"$75,000 to $99,999",West North Central
527,F60 N,2,1,Minor One,N,3,2,"$10,000 to $24,999",South Atlantic
528,F60 N,1,1,No,N,2,1,"$50,000 to $74,999",New England
529,M30 - 44 N,2,2,Minor One,N,2,0,"$25,000 to $49,999",West South Central
530,F45 - 59 N,1,2,Minor One,N,2,2,"$10,000 to $24,999",Pacific
531,M45 - 59 N,1,1,Minor One,Y,2,2,"$50,000 to $74,999",West South Central
532,F30 - 44 N,1,1,No,N,2,2,"$25,000 to $49,999",South Atlantic
533,F30 - 44 N,0,0,Minor One,N,4,2,Prefer not to answer,West South Central
534,F60 N,1,1,Minor One,N,2,0,"$200,000 and up",East North Central
535,F60 Y,1,1,Major One,Y,4,3,"$125,000 to $149,999",Pacific
536,M45 - 59 N,0,0,Minor One,N,1,1,"$25,000 to $49,999",East South Central
537,F30 - 44 N,2,1,No,N,1,3,"$200,000 and up",West North Central
538,M45 - 59 N,0,0,Minor One,N,2,2,"$10,000 to $24,999",East North Central
539,F45 - 59 Y,2,2,Major One,Y,3,3,"$10,000 to $24,999",Mountain
540,F45 - 59 N,0,0,Minor One,N,1,0,"$125,000 to $149,999",South Atlantic
541,F60 N,0,1,No,N,2,1,"$50,000 to $74,999",West South Central
542,M18 - 29 N,0,0,Minor One,N,3,0,"$10,000 to $24,999",Middle Atlantic
543,F18 - 29 N,2,2,Minor One,N,2,1,Prefer not to answer,South Atlantic
544,F30 - 44 N,1,1,Minor One,N,2,1,Prefer not to answer,East North Central
545,F45 - 59 N,1,1,No,N,2,1,"$100,000 to $124,999",Middle Atlantic
546,M60 Y,2,2,No,N,0,0,"$10,000 to $24,999",West South Central
547,M30 - 44 Y,2,2,Minor One,N,2,2,"$75,000 to $99,999",Pacific
548,F30 - 44 N,0,0,Minor One,N,1,2,"$200,000 and up",East North Central
549,M18 - 29 N,1,1,Minor One,N,3,3,"$10,000 to $24,999",South Atlantic
550,F60 Y,1,1,Minor One,Y,4,4,Prefer not to answer,Mountain
551,M30 - 44 Y,2,2,Major One,N,4,2,"$50,000 to $74,999",Pacific
552,F18 - 29 N,0,0,No,N,2,0,"$25,000 to $49,999",West North Central
553,F60 N,1,1,Minor One,Y,2,0,"$25,000 to $49,999",Pacific
554,F18 - 29 N,1,1,Minor One,N,0,1,Prefer not to answer,New England
555,M30 - 44 N,0,1,Minor One,N,3,4,"$150,000 to $174,999",Mountain
556,F60 N,0,0,No,N,1,0,"$150,000 to $174,999",South Atlantic
557,F45 - 59 N,1,0,Minor One,N,2,0,Prefer not to answer,West South Central
558,M30 - 44 N,0,0,Minor One,N,3,0,"$75,000 to $99,999",Middle Atlantic
559,F60 N,2,1,Minor One,N,2,1,"$25,000 to $49,999",East North Central
560,M45 - 59 N,3,4,Minor One,N,0,0,"$25,000 to $49,999",East North Central
561,M45 - 59 N,0,1,No,Y,2,0,"$50,000 to $74,999",West South Central
562,F60 Y,1,1,Minor One,N,3,1,"$50,000 to $74,999",Middle Atlantic
563,F30 - 44 Y,2,2,Minor One,Y,4,4,"$25,000 to $49,999",Pacific
564,F45 - 59 Y,2,3,Major One,Y,3,0,Prefer not to answer,Mountain
565,F45 - 59 Y,1,1,No,N,2,2,"$10,000 to $24,999",East North Central
566,M60 N,1,0,Major One,Y,4,0,"$200,000 and up",Pacific
567,F45 - 59 Y,1,2,Minor One,N,4,4,"$200,000 and up",West South Central
568,M18 - 29 N,0,0,Minor One,N,2,2,"$10,000 to $24,999",New England
569,M45 - 59 N,2,1,No,Y,0,0,"$0 to $9,999",East North Central
570,M18 - 29 N,1,1,Minor One,N,2,2,"$75,000 to $99,999",South Atlantic
571,F18 - 29 Y,1,1,No,N,2,3,"$25,000 to $49,999",Mountain
572,M30 - 44 N,0,0,Minor One,N,2,2,"$50,000 to $74,999",Middle Atlantic
573,F45 - 59 Y,2,2,No,Y,1,2,"$10,000 to $24,999",South Atlantic
574,M18 - 29 N,0,0,No,N,0,2,Prefer not to answer,Middle Atlantic
575,M60 N,1,1,Minor One,N,2,3,"$25,000 to $49,999",South Atlantic
576,F60 N,1,1,Major One,Y,4,4,"$50,000 to $74,999",Mountain
577,F45 - 59 Y,2,2,No,N,3,2,"$200,000 and up",West South Central
578,F18 - 29 N,0,0,No,N,1,1,"$100,000 to $124,999",East North Central
579,F45 - 59 N,0,0,No,N,3,3,"$25,000 to $49,999",South Atlantic
580,F45 - 59 N,2,2,Minor One,Y,2,0,Prefer not to answer,Pacific
581,M18 - 29 Y,1,1,Minor One,Y,4,4,"$100,000 to $124,999",East North Central
582,M30 - 44 Y,1,2,Minor One,Y,2,3,"$100,000 to $124,999",Pacific
583,F60 N,1,3,Major One,N,4,1,"$100,000 to $124,999",
584,F45 - 59 N,0,2,No,N,2,2,"$100,000 to $124,999",New England
585,F45 - 59 N,0,0,No,N,1,0,"$25,000 to $49,999",Middle Atlantic
586,F60 N,1,1,Major One,N,3,3,"$25,000 to $49,999",Middle Atlantic
587,F45 - 59 N,0,0,Minor One,N,2,1,"$75,000 to $99,999",East North Central
588,M60 Y,4,4,Minor One,N,4,1,"$50,000 to $74,999",New England
589,F60 Y,2,2,Major One,Y,2,0,"$125,000 to $149,999",Pacific
590,F18 - 29 Y,1,1,No,N,1,1,"$10,000 to $24,999",East North Central
591,M30 - 44 N,0,0,No,N,3,3,"$25,000 to $49,999",East South Central
592,F45 - 59 N,0,0,No,N,1,1,"$125,000 to $149,999",South Atlantic
593,F18 - 29 N,0,0,No,N,0,0,"$0 to $9,999",East South Central
594,M60 Y,2,2,Major One,Y,3,3,"$75,000 to $99,999",West South Central
595,F18 - 29 N,0,0,Minor One,N,1,2,"$25,000 to $49,999",South Atlantic
596,M18 - 29 N,0,0,No,N,3,0,"$75,000 to $99,999",East North Central
597,F45 - 59 N,0,0,No,N,2,0,"$25,000 to $49,999",South Atlantic
598,M30 - 44 N,2,3,Minor One,N,1,0,"$50,000 to $74,999",South Atlantic
599,F30 - 44 N,0,0,Major One,N,3,0,"$75,000 to $99,999",South Atlantic
600,F30 - 44 N,0,0,No,N,2,0,"$125,000 to $149,999",West North Central
601,M18 - 29 N,0,0,No,N,2,3,"$50,000 to $74,999",South Atlantic
602,F18 - 29 Y,4,4,Major One,Y,4,3,"$25,000 to $49,999",Mountain
603,M60 N,0,0,Major One,Y,4,3,"$50,000 to $74,999",West South Central
604,F60 Y,2,2,Major One,Y,1,0,"$100,000 to $124,999",Pacific
605,F30 - 44 Y,2,2,No,N,1,1,"$100,000 to $124,999",New England
606,,2,2,,,,,,
607,F60 N,0,0,No,N,0,0,"$100,000 to $124,999",West South Central
608,F30 - 44 N,1,1,No,N,2,0,"$50,000 to $74,999",East North Central
609,F45 - 59 N,0,0,Minor One,N,0,0,"$50,000 to $74,999",South Atlantic
610,F30 - 44 N,0,0,Minor One,N,2,0,Prefer not to answer,East North Central
611,F45 - 59 Y,2,1,No,Y,0,2,"$75,000 to $99,999",Pacific
612,M45 - 59 Y,1,2,Major One,N,3,0,Prefer not to answer,Pacific
613,F30 - 44 N,0,0,Minor One,N,2,1,"$10,000 to $24,999",Pacific
614,F45 - 59 N,1,1,No,N,1,2,"$100,000 to $124,999",West North Central
615,F60 N,0,0,No,N,2,2,"$25,000 to $49,999",East North Central
616,F45 - 59 Y,2,1,Minor One,Y,3,1,"$150,000 to $174,999",Pacific
617,F60 Y,1,1,No,N,2,1,Prefer not to answer,West South Central
618,F30 - 44 N,2,2,No,N,3,0,"$200,000 and up",West North Central
619,M60 N,0,0,Minor One,N,3,3,"$50,000 to $74,999",South Atlantic
620,M60 N,0,0,Minor One,N,3,1,"$75,000 to $99,999",South Atlantic
621,F18 - 29 Y,0,0,Minor One,Y,4,2,"$100,000 to $124,999",Pacific
622,M45 - 59 N,1,0,Major One,Y,4,2,"$75,000 to $99,999",Pacific
623,M30 - 44 Y,0,0,No,N,2,2,"$200,000 and up",Middle Atlantic
624,M60 N,0,1,No,N,3,3,"$100,000 to $124,999",West South Central
625,F60 N,1,1,No,N,4,4,Prefer not to answer,Middle Atlantic
626,F18 - 29 N,1,0,Minor One,N,0,2,"$10,000 to $24,999",East North Central
627,M18 - 29 Y,2,3,Major One,N,4,3,"$25,000 to $49,999",Pacific
628,F45 - 59 N,1,2,Minor One,N,2,3,"$50,000 to $74,999",Mountain
629,F18 - 29 N,0,1,No,N,2,2,"$0 to $9,999",West South Central
630,F30 - 44 Y,2,2,Major One,Y,3,0,"$75,000 to $99,999",Pacific
631,F30 - 44 Y,1,1,Minor One,Y,0,0,Prefer not to answer,Middle Atlantic
632,F45 - 59 Y,2,3,Major One,Y,3,2,"$10,000 to $24,999",Pacific
633,F60 Y,2,2,Minor One,N,2,1,Prefer not to answer,West South Central
634,M30 - 44 Y,0,0,No,N,2,2,"$25,000 to $49,999",Middle Atlantic
635,F18 - 29 Y,2,1,Minor One,N,2,2,"$50,000 to $74,999",South Atlantic
636,F18 - 29 Y,2,2,Major One,Y,2,2,"$10,000 to $24,999",Pacific
637,F18 - 29 N,0,0,Minor One,N,2,1,"$50,000 to $74,999",West South Central
638,F60 N,0,1,No,N,2,1,"$50,000 to $74,999",West North Central
639,M18 - 29 N,3,4,No,N,1,1,Prefer not to answer,Pacific
640,F18 - 29 Y,0,1,Major One,N,4,0,"$125,000 to $149,999",Pacific
641,F30 - 44 N,1,1,No,N,2,2,"$125,000 to $149,999",East North Central
642,F18 - 29 N,1,1,Minor One,N,2,2,"$75,000 to $99,999",South Atlantic
643,M18 - 29 N,2,1,Minor One,N,0,2,"$50,000 to $74,999",South Atlantic
644,F18 - 29 Y,2,4,Minor One,N,1,2,Prefer not to answer,Middle Atlantic
645,F45 - 59 N,1,1,Minor One,N,3,3,Prefer not to answer,Middle Atlantic
646,F18 - 29 Y,3,3,Minor One,Y,4,2,"$25,000 to $49,999",Pacific
647,F45 - 59 Y,0,0,No,N,2,2,Prefer not to answer,West North Central
648,M18 - 29 N,0,0,Minor One,N,3,3,"$50,000 to $74,999",Mountain
649,F30 - 44 N,0,0,No,N,1,1,Prefer not to answer,South Atlantic
650,M45 - 59 Y,1,1,Major One,Y,3,1,"$100,000 to $124,999",Pacific
651,F60 Y,1,2,Minor One,Y,4,4,"$50,000 to $74,999",Pacific
652,M60 Y,0,1,No,N,2,0,"$50,000 to $74,999",East North Central
653,M60 Y,1,2,Minor One,N,3,3,"$150,000 to $174,999",East North Central
654,F18 - 29 Y,2,2,No,N,1,1,"$25,000 to $49,999",Pacific
655,F60 N,1,1,Minor One,N,1,0,"$75,000 to $99,999",East North Central
656,F45 - 59 N,1,2,Minor One,N,2,0,"$100,000 to $124,999",West North Central
657,M45 - 59 Y,2,2,Major One,Y,4,0,"$200,000 and up",Pacific
658,F45 - 59 Y,3,3,No,N,0,0,"$50,000 to $74,999",Middle Atlantic
659,,2,2,No,N,,,,
660,M60 Y,4,4,Minor One,N,4,1,"$50,000 to $74,999",New England
661,M30 - 44 N,1,1,No,N,2,2,"$50,000 to $74,999",Middle Atlantic
662,M45 - 59 Y,1,1,No,N,2,2,"$50,000 to $74,999",South Atlantic
663,M45 - 59 Y,1,1,Minor One,N,3,3,"$25,000 to $49,999",West South Central
664,F30 - 44 Y,1,2,Minor One,N,2,2,"$25,000 to $49,999",South Atlantic
665,F60 N,0,1,Minor One,N,2,4,"$25,000 to $49,999",Middle Atlantic
666,F45 - 59 N,0,0,No,N,1,0,"$10,000 to $24,999",Middle Atlantic
667,M60 N,0,1,Minor One,N,2,1,"$50,000 to $74,999",South Atlantic
668,M60 N,1,1,No,N,2,0,"$150,000 to $174,999",South Atlantic
669,M60 Y,0,0,Minor One,N,2,0,"$125,000 to $149,999",South Atlantic
670,F30 - 44 N,1,1,Minor One,N,2,1,"$25,000 to $49,999",West South Central
671,F45 - 59 N,0,0,Minor One,N,2,1,"$150,000 to $174,999",Middle Atlantic
672,F45 - 59 N,0,0,No,N,3,3,"$100,000 to $124,999",South Atlantic
673,F30 - 44 N,2,2,Minor One,N,2,2,"$50,000 to $74,999",South Atlantic
674,M60 Y,2,2,Major One,Y,4,3,"$50,000 to $74,999",West South Central
675,M45 - 59 Y,0,1,No,N,2,0,"$75,000 to $99,999",East South Central
676,F60 Y,2,2,Major One,Y,4,4,"$50,000 to $74,999",Pacific
677,M18 - 29 N,1,1,Minor One,N,3,3,Prefer not to answer,Middle Atlantic
678,F18 - 29 Y,0,0,Minor One,N,2,0,"$75,000 to $99,999",East North Central
679,M60 N,0,0,No,N,4,0,"$100,000 to $124,999",West South Central
680,F30 - 44 Y,3,3,Major One,N,1,1,"$75,000 to $99,999",Middle Atlantic
681,F18 - 29 Y,0,0,No,N,2,0,"$150,000 to $174,999",West South Central
682,M18 - 29 Y,0,0,No,N,2,3,"$0 to $9,999",West North Central
683,F18 - 29 N,2,1,Major One,N,0,1,"$25,000 to $49,999",South Atlantic
684,F45 - 59 N,1,1,No,N,2,0,"$200,000 and up",Middle Atlantic
685,M60 N,1,1,No,N,1,0,"$50,000 to $74,999",Middle Atlantic
686,F45 - 59 Y,0,1,Minor One,N,2,2,"$75,000 to $99,999",Middle Atlantic
687,F60 N,2,2,Major One,Y,3,0,"$100,000 to $124,999",Pacific
688,M30 - 44 N,0,0,Minor One,N,2,1,"$75,000 to $99,999",East North Central
689,M30 - 44 N,2,2,Minor One,N,2,3,"$50,000 to $74,999",Pacific
690,F30 - 44 N,2,3,Minor One,Y,4,3,"$10,000 to $24,999",South Atlantic
691,F18 - 29 Y,1,2,No,N,1,1,"$10,000 to $24,999",Middle Atlantic
692,F45 - 59 N,2,2,No,N,2,2,"$100,000 to $124,999",Middle Atlantic
693,F18 - 29 Y,2,3,Minor One,Y,2,3,"$75,000 to $99,999",Middle Atlantic
694,F18 - 29 N,0,0,No,N,2,1,"$10,000 to $24,999",South Atlantic
695,F45 - 59 N,2,1,No,N,2,0,"$100,000 to $124,999",West South Central
696,F45 - 59 N,1,1,Minor One,N,0,0,"$0 to $9,999",East South Central
697,M60 N,2,2,Major One,N,4,0,"$75,000 to $99,999",Pacific
698,M30 - 44 N,2,1,Major One,N,4,4,"$25,000 to $49,999",West North Central
699,F60 N,1,2,Minor One,N,2,2,"$50,000 to $74,999",East North Central
700,F18 - 29 Y,1,2,Minor One,N,3,1,"$50,000 to $74,999",Pacific
701,F45 - 59 N,1,1,Minor One,Y,1,3,"$50,000 to $74,999",Mountain
702,M30 - 44 Y,0,0,No,N,2,1,Prefer not to answer,West South Central
703,M18 - 29 N,3,3,Minor One,N,0,0,Prefer not to answer,New England
704,F45 - 59 N,0,0,No,N,2,1,"$100,000 to $124,999",West South Central
705,M30 - 44 N,1,0,Minor One,N,4,4,"$10,000 to $24,999",West South Central
706,F60 N,1,1,No,N,2,2,Prefer not to answer,South Atlantic
707,F60 N,1,0,Minor One,N,1,1,"$25,000 to $49,999",Middle Atlantic
708,F30 - 44 Y,1,1,Minor One,N,2,0,"$75,000 to $99,999",South Atlantic
709,M18 - 29 Y,2,1,No,N,2,3,"$0 to $9,999",South Atlantic
710,F30 - 44 N,0,1,Minor One,N,4,2,Prefer not to answer,West South Central
711,F60 Y,1,0,Minor One,N,3,1,Prefer not to answer,Middle Atlantic
712,F30 - 44 Y,2,2,Minor One,N,2,0,"$50,000 to $74,999",Pacific
713,F60 N,1,1,No,N,1,0,Prefer not to answer,New England
714,F60 Y,1,1,Minor One,Y,4,0,"$50,000 to $74,999",Middle Atlantic
715,M45 - 59 N,1,1,Major One,N,3,3,"$10,000 to $24,999",Pacific
716,F45 - 59 Y,1,1,Major One,Y,2,0,"$75,000 to $99,999",West South Central
717,M30 - 44 N,4,4,Minor One,N,4,0,"$50,000 to $74,999",Pacific
718,F18 - 29 N,0,1,No,N,0,0,"$0 to $9,999",West North Central
719,M30 - 44 N,0,0,Minor One,N,4,4,"$0 to $9,999",Pacific
720,M30 - 44 N,0,0,Minor One,N,3,3,"$50,000 to $74,999",West North Central
721,F45 - 59 Y,1,1,Minor One,N,4,0,"$200,000 and up",South Atlantic
722,M45 - 59 Y,2,2,Major One,Y,3,1,"$10,000 to $24,999",Pacific
723,F18 - 29 N,2,4,Minor One,N,2,2,"$50,000 to $74,999",South Atlantic
724,F45 - 59 Y,2,3,Major One,N,3,1,Prefer not to answer,West South Central
725,M18 - 29 N,1,3,No,N,3,3,"$25,000 to $49,999",West North Central
726,F45 - 59 N,0,0,Minor One,N,1,0,"$75,000 to $99,999",South Atlantic
727,F60 Y,1,1,Major One,Y,2,0,"$200,000 and up",South Atlantic
728,F30 - 44 Y,2,2,Minor One,N,3,0,"$50,000 to $74,999",Pacific
729,F30 - 44 Y,1,1,Minor One,N,3,2,"$100,000 to $124,999",Middle Atlantic
730,F45 - 59 N,1,1,Major One,N,3,1,"$50,000 to $74,999",Pacific
731,M18 - 29 N,1,2,No,Y,2,2,"$25,000 to $49,999",East South Central
732,F60 Y,3,4,Major One,Y,3,1,"$25,000 to $49,999",
733,F30 - 44 N,1,1,Minor One,N,2,1,"$50,000 to $74,999",Pacific
734,F60 Y,0,0,No,N,2,2,Prefer not to answer,New England
735,F60 Y,3,3,Major One,Y,3,1,"$75,000 to $99,999",Pacific
736,M60 N,2,2,Major One,Y,2,2,Prefer not to answer,Pacific
737,,2,2,,,,,,
738,M30 - 44 N,1,2,No,N,3,1,"$10,000 to $24,999",South Atlantic
739,F30 - 44 N,0,0,No,N,3,1,"$150,000 to $174,999",West North Central
740,F45 - 59 N,0,1,Minor One,N,2,1,Prefer not to answer,Middle Atlantic
741,F60 Y,3,3,Minor One,N,3,4,"$200,000 and up",West South Central
742,F18 - 29 N,1,1,Minor One,N,0,1,"$10,000 to $24,999",Pacific
743,F18 - 29 Y,1,2,Minor One,N,1,3,"$0 to $9,999",South Atlantic
744,F30 - 44 N,2,2,No,N,1,0,"$75,000 to $99,999",Middle Atlantic
745,F45 - 59 N,0,0,No,N,0,0,"$75,000 to $99,999",New England
746,F60 Y,3,2,Minor One,N,3,0,"$25,000 to $49,999",Pacific
747,M60 Y,1,1,Major One,N,2,2,"$125,000 to $149,999",Mountain
748,F60 N,2,1,No,N,3,1,"$25,000 to $49,999",Middle Atlantic
749,M60 N,2,2,Minor One,Y,3,3,"$25,000 to $49,999",Pacific
750,F30 - 44 N,1,2,No,N,1,2,"$125,000 to $149,999",New England
751,F60 Y,1,1,No,N,3,2,"$100,000 to $124,999",New England
752,M60 N,0,0,Major One,Y,4,4,"$200,000 and up",Mountain
753,F30 - 44 Y,0,1,Minor One,N,3,1,"$175,000 to $199,999",Middle Atlantic
754,F45 - 59 Y,0,0,Minor One,N,2,2,"$25,000 to $49,999",Mountain
755,M30 - 44 N,2,2,Minor One,N,3,2,"$75,000 to $99,999",Pacific
756,F45 - 59 Y,3,4,Major One,Y,2,0,Prefer not to answer,Pacific
757,F30 - 44 N,1,1,No,N,0,1,"$10,000 to $24,999",East North Central
758,M60 N,0,0,No,N,2,2,"$125,000 to $149,999",South Atlantic
759,M45 - 59 N,1,1,Minor One,N,0,1,"$25,000 to $49,999",South Atlantic
760,F45 - 59 N,0,0,Minor One,N,2,0,"$150,000 to $174,999",Middle Atlantic
761,F60 N,2,2,No,N,3,3,"$50,000 to $74,999",East South Central
762,M45 - 59 Y,2,2,Major One,Y,2,1,"$50,000 to $74,999",Pacific
763,F60 Y,2,2,Major One,Y,4,1,Prefer not to answer,Pacific
764,F45 - 59 N,0,0,No,N,2,2,"$150,000 to $174,999",South Atlantic
765,F30 - 44 N,0,0,Minor One,N,2,1,"$75,000 to $99,999",East North Central
766,F18 - 29 N,0,0,No,N,2,2,"$25,000 to $49,999",East South Central
767,M18 - 29 N,1,1,Minor One,Y,2,0,"$25,000 to $49,999",Pacific
768,F30 - 44 N,1,1,Minor One,N,0,2,"$25,000 to $49,999",Mountain
769,F45 - 59 N,1,1,No,N,1,1,"$150,000 to $174,999",New England
770,F60 N,1,2,Minor One,N,1,2,"$125,000 to $149,999",Middle Atlantic
771,F60 Y,1,1,No,N,3,2,"$0 to $9,999",
772,M45 - 59 N,1,1,No,N,3,0,"$50,000 to $74,999",Mountain
773,M45 - 59 N,0,0,Major One,Y,4,4,"$200,000 and up",East North Central
774,F30 - 44 N,1,1,Minor One,N,2,2,"$50,000 to $74,999",South Atlantic
775,F60 N,0,0,Minor One,Y,3,1,Prefer not to answer,East North Central
776,M18 - 29 N,2,0,No,Y,4,2,"$0 to $9,999",Pacific
777,F18 - 29 N,1,1,Minor One,N,2,0,"$50,000 to $74,999",South Atlantic
778,F30 - 44 N,1,1,Minor One,N,2,0,"$50,000 to $74,999",Middle Atlantic
779,M30 - 44 N,0,0,No,N,4,0,"$200,000 and up",East North Central
780,F18 - 29 Y,4,4,No,Y,4,4,"$10,000 to $24,999",West North Central
781,M45 - 59 Y,1,2,Minor One,Y,3,0,"$200,000 and up",East North Central
782,M30 - 44 Y,4,4,Minor One,N,3,1,"$10,000 to $24,999",
783,F30 - 44 Y,1,1,Minor One,N,2,4,"$25,000 to $49,999",West South Central
784,F30 - 44 N,0,0,No,N,0,0,Prefer not to answer,West North Central
785,F60 Y,2,2,Minor One,N,4,4,"$0 to $9,999",Middle Atlantic
786,F30 - 44 Y,2,3,Minor One,N,1,3,"$50,000 to $74,999",South Atlantic
787,M30 - 44 Y,0,0,Major One,N,4,4,"$25,000 to $49,999",Mountain
788,M18 - 29 N,0,0,Minor One,N,2,2,"$10,000 to $24,999",New England
789,M18 - 29 Y,4,3,Minor One,N,2,1,Prefer not to answer,Middle Atlantic
790,F45 - 59 N,1,0,Minor One,N,1,0,Prefer not to answer,East North Central
791,F45 - 59 N,1,1,No,N,0,0,"$50,000 to $74,999",South Atlantic
792,M45 - 59 N,0,0,No,N,1,0,"$75,000 to $99,999",Middle Atlantic
793,M45 - 59 Y,0,0,Minor One,N,3,3,"$10,000 to $24,999",New England
794,F60 N,1,1,Minor One,N,4,0,"$125,000 to $149,999",Pacific
795,F60 Y,1,1,Minor One,N,2,1,Prefer not to answer,West South Central
796,M60 N,0,0,No,N,2,2,"$50,000 to $74,999",Middle Atlantic
797,F18 - 29 N,1,1,No,N,1,1,Prefer not to answer,West South Central
798,M60 N,0,0,Minor One,N,2,0,"$50,000 to $74,999",East North Central
799,F45 - 59 N,1,1,No,N,2,1,"$75,000 to $99,999",New England
800,F45 - 59 N,3,0,No,N,1,0,"$75,000 to $99,999",South Atlantic
801,F18 - 29 N,2,2,No,N,1,4,"$25,000 to $49,999",South Atlantic
802,M60 Y,0,1,Minor One,N,2,2,"$100,000 to $124,999",East South Central
803,F60 N,2,2,Minor One,N,2,0,Prefer not to answer,Middle Atlantic
804,F30 - 44 Y,1,1,No,N,2,2,"$100,000 to $124,999",South Atlantic
805,F60 N,0,1,Minor One,N,2,0,"$75,000 to $99,999",East North Central
806,F18 - 29 N,0,0,No,N,0,0,"$0 to $9,999",South Atlantic
807,M45 - 59 N,0,0,Minor One,N,2,2,"$125,000 to $149,999",Middle Atlantic
808,F30 - 44 Y,2,2,Minor One,N,3,3,"$25,000 to $49,999",West North Central
809,M60 Y,3,3,Minor One,N,3,4,"$50,000 to $74,999",Middle Atlantic
810,F30 - 44 N,1,1,No,N,1,1,"$10,000 to $24,999",East North Central
811,F45 - 59 Y,0,0,Minor One,N,0,0,"$150,000 to $174,999",South Atlantic
812,F18 - 29 N,0,0,Minor One,N,0,2,"$0 to $9,999",Middle Atlantic
813,M45 - 59 Y,1,1,Minor One,N,3,2,"$50,000 to $74,999",East North Central
814,M60 Y,2,1,Minor One,N,2,2,"$125,000 to $149,999",West South Central
815,F60 Y,1,0,Minor One,N,2,2,"$25,000 to $49,999",Mountain
816,F18 - 29 Y,1,2,No,N,3,3,"$150,000 to $174,999",Middle Atlantic
817,M60 Y,0,0,Minor One,N,4,4,"$50,000 to $74,999",South Atlantic
818,F45 - 59 N,0,4,Minor One,N,2,0,"$25,000 to $49,999",East North Central
819,F30 - 44 Y,2,3,Minor One,N,0,0,Prefer not to answer,West South Central
820,F60 N,1,1,Minor One,Y,3,0,"$25,000 to $49,999",Mountain
821,M60 Y,0,0,Minor One,N,2,1,"$25,000 to $49,999",South Atlantic
822,F30 - 44 N,1,1,Major One,N,2,1,"$25,000 to $49,999",Pacific
823,F45 - 59 N,4,4,Minor One,Y,0,0,"$10,000 to $24,999",Pacific
824,M60 N,0,0,Minor One,N,2,2,"$75,000 to $99,999",South Atlantic
825,F18 - 29 N,1,0,Minor One,N,1,0,"$25,000 to $49,999",South Atlantic
826,F30 - 44 Y,4,4,Major One,N,0,0,"$75,000 to $99,999",West North Central
827,F60 Y,3,3,No,Y,3,3,"$25,000 to $49,999",Pacific
828,F60 Y,0,0,Minor One,N,2,0,Prefer not to answer,South Atlantic
829,M18 - 29 Y,2,2,Minor One,Y,2,2,"$25,000 to $49,999",Pacific
830,F60 N,2,1,Minor One,N,1,0,"$150,000 to $174,999",South Atlantic
831,F45 - 59 Y,1,1,Minor One,N,2,3,"$10,000 to $24,999",New England
832,F45 - 59 Y,3,3,Major One,N,4,0,"$75,000 to $99,999",Pacific
833,M30 - 44 Y,0,1,Minor One,N,2,2,"$0 to $9,999",Pacific
834,F18 - 29 N,1,1,Minor One,N,3,0,"$25,000 to $49,999",South Atlantic
835,F30 - 44 Y,0,0,No,N,2,2,Prefer not to answer,West South Central
836,F45 - 59 N,0,0,No,N,2,2,"$25,000 to $49,999",South Atlantic
837,F60 N,1,1,Minor One,N,0,2,"$75,000 to $99,999",South Atlantic
838,M45 - 59 N,1,2,Minor One,N,2,2,"$200,000 and up",South Atlantic
839,F30 - 44 Y,1,2,Major One,Y,3,2,"$25,000 to $49,999",Pacific
840,F30 - 44 Y,4,4,Minor One,Y,4,4,"$50,000 to $74,999",Mountain
841,M45 - 59 Y,0,0,No,Y,2,1,"$10,000 to $24,999",South Atlantic
842,F45 - 59 N,1,1,Major One,N,1,1,"$50,000 to $74,999",Mountain
843,F60 Y,2,2,No,N,2,2,"$25,000 to $49,999",Pacific
844,F30 - 44 N,0,2,No,N,2,1,"$25,000 to $49,999",East South Central
845,F60 N,1,1,Minor One,N,3,1,"$25,000 to $49,999",West South Central
846,M18 - 29 N,1,1,Minor One,N,2,2,"$75,000 to $99,999",Pacific
847,F45 - 59 Y,4,4,Major One,N,4,4,"$50,000 to $74,999",South Atlantic
848,F18 - 29 N,0,0,No,N,2,0,Prefer not to answer,East North Central
849,F30 - 44 Y,1,1,Minor One,N,2,2,Prefer not to answer,South Atlantic
850,M60 N,0,0,No,N,3,0,"$150,000 to $174,999",Mountain
851,M30 - 44 Y,2,1,No,N,2,2,"$75,000 to $99,999",West North Central
852,F45 - 59 Y,2,2,Minor One,Y,3,3,"$25,000 to $49,999",Pacific
853,F45 - 59 N,1,1,No,N,1,1,"$75,000 to $99,999",New England
854,F30 - 44 Y,4,4,Major One,Y,4,3,"$75,000 to $99,999",Pacific
855,M60 N,1,2,Major One,Y,2,2,"$75,000 to $99,999",Pacific
856,F18 - 29 Y,3,4,Minor One,N,2,1,"$25,000 to $49,999",Pacific
857,F18 - 29 N,1,1,No,N,2,0,"$25,000 to $49,999",Middle Atlantic
858,F60 N,1,2,Minor One,N,2,0,Prefer not to answer,Middle Atlantic
859,M45 - 59 N,0,0,No,N,2,2,"$50,000 to $74,999",East South Central
860,F18 - 29 N,1,1,No,N,2,1,"$50,000 to $74,999",Middle Atlantic
861,F60 N,0,0,No,N,2,2,"$50,000 to $74,999",New England
862,F30 - 44 Y,3,3,Minor One,Y,2,1,"$50,000 to $74,999",Pacific
863,F18 - 29 N,1,1,Minor One,N,1,1,"$0 to $9,999",Middle Atlantic
864,M45 - 59 Y,0,0,Minor One,N,4,4,"$50,000 to $74,999",Middle Atlantic
865,F18 - 29 Y,2,2,Minor One,N,1,2,Prefer not to answer,Middle Atlantic
866,M45 - 59 Y,1,1,Minor One,N,4,4,"$50,000 to $74,999",East North Central
867,F30 - 44 Y,0,0,No,N,2,0,"$200,000 and up",West North Central
868,F60 N,2,2,No,N,2,0,Prefer not to answer,West North Central
869,F18 - 29 N,0,0,No,N,0,0,"$25,000 to $49,999",South Atlantic
870,F60 N,1,1,Minor One,N,2,1,"$50,000 to $74,999",West South Central
871,M60 N,1,1,Minor One,N,2,2,"$200,000 and up",Middle Atlantic
872,,2,2,,,,,,
873,M60 Y,4,0,Major One,N,0,4,"$0 to $9,999",Mountain
874,F45 - 59 N,1,1,Minor One,N,3,0,"$50,000 to $74,999",New England
875,F18 - 29 N,1,0,Major One,Y,3,0,"$200,000 and up",Pacific
876,F60 Y,4,4,No,N,2,2,"$75,000 to $99,999",East North Central
877,F60 N,1,1,Minor One,N,2,0,"$75,000 to $99,999",Middle Atlantic
878,F30 - 44 Y,0,0,No,N,2,2,"$100,000 to $124,999",South Atlantic
879,F18 - 29 N,1,4,Minor One,Y,0,1,"$0 to $9,999",South Atlantic
880,F30 - 44 N,2,1,Minor One,N,2,2,"$25,000 to $49,999",Middle Atlantic
881,F45 - 59 N,1,1,Minor One,N,3,3,"$50,000 to $74,999",East North Central
882,M18 - 29 Y,1,4,Major One,Y,3,3,"$0 to $9,999",Pacific
883,M60 N,0,0,Major One,N,4,4,"$100,000 to $124,999",Middle Atlantic
884,F45 - 59 N,1,1,No,N,2,1,"$25,000 to $49,999",West South Central
885,F18 - 29 N,1,1,No,N,2,1,"$25,000 to $49,999",East North Central
886,F30 - 44 Y,3,3,Major One,N,4,1,"$25,000 to $49,999",Pacific
887,F45 - 59 Y,1,2,Minor One,N,3,1,Prefer not to answer,South Atlantic
888,M60 Y,0,0,Minor One,N,2,2,"$50,000 to $74,999",New England
889,F18 - 29 Y,2,2,Minor One,N,2,0,"$10,000 to $24,999",Pacific
890,M60 N,0,0,No,N,0,0,"$100,000 to $124,999",Middle Atlantic
891,F45 - 59 Y,1,1,Minor One,N,0,0,"$10,000 to $24,999",East South Central
892,M60 N,0,0,No,N,2,1,"$50,000 to $74,999",West North Central
893,F60 Y,2,1,Major One,Y,3,0,"$25,000 to $49,999",Pacific
894,F60 N,2,2,Minor One,N,2,2,"$50,000 to $74,999",East South Central
895,F30 - 44 N,0,1,No,N,1,0,"$100,000 to $124,999",East North Central
896,F30 - 44 Y,1,1,Minor One,Y,2,0,"$25,000 to $49,999",East North Central
897,F60 Y,0,0,Minor One,N,2,1,"$10,000 to $24,999",Middle Atlantic
898,F60 Y,1,1,Major One,Y,3,0,"$75,000 to $99,999",Pacific
899,F30 - 44 Y,2,4,Minor One,Y,4,4,"$75,000 to $99,999",East South Central
900,M45 - 59 Y,1,1,Major One,N,1,1,"$25,000 to $49,999",Pacific
901,F45 - 59 N,4,4,Minor One,N,0,2,"$10,000 to $24,999",Mountain
902,M45 - 59 N,4,4,No,N,1,1,Prefer not to answer,Middle Atlantic
903,M45 - 59 Y,2,3,Minor One,N,2,2,"$75,000 to $99,999",Mountain
904,F45 - 59 N,0,0,No,N,0,0,"$0 to $9,999",West North Central
905,F45 - 59 Y,0,0,Minor One,N,2,0,"$175,000 to $199,999",Middle Atlantic
906,F45 - 59 Y,2,2,Minor One,N,2,2,Prefer not to answer,East North Central
907,M30 - 44 N,0,0,Minor One,N,2,2,"$100,000 to $124,999",West North Central
908,F60 Y,1,1,Minor One,Y,4,0,"$150,000 to $174,999",South Atlantic
909,M18 - 29 N,0,0,No,N,3,2,"$100,000 to $124,999",New England
910,M45 - 59 N,1,0,Minor One,N,2,2,"$75,000 to $99,999",South Atlantic
911,F30 - 44 N,0,0,Minor One,N,2,1,"$50,000 to $74,999",East North Central
912,M45 - 59 N,0,0,Major One,N,4,4,"$25,000 to $49,999",South Atlantic
913,F60 Y,0,0,Minor One,N,2,2,"$50,000 to $74,999",West South Central
914,M60 Y,1,1,No,N,2,0,"$50,000 to $74,999",New England
915,M45 - 59 N,1,1,Minor One,N,3,2,"$50,000 to $74,999",East North Central
916,M45 - 59 N,1,1,No,N,3,1,"$100,000 to $124,999",New England
917,F60 Y,4,4,Major One,Y,4,4,"$25,000 to $49,999",East North Central
918,M60 N,0,0,No,N,2,1,"$75,000 to $99,999",Middle Atlantic
919,F30 - 44 Y,2,2,Major One,Y,2,0,"$75,000 to $99,999",Pacific
920,F30 - 44 Y,2,2,No,N,2,2,"$125,000 to $149,999",Mountain
921,M45 - 59 N,0,0,Minor One,N,3,2,"$75,000 to $99,999",Middle Atlantic
922,F30 - 44 Y,0,1,No,N,2,2,"$50,000 to $74,999",West South Central
923,M30 - 44 N,0,0,No,N,0,0,"$10,000 to $24,999",South Atlantic
924,F18 - 29 Y,0,0,Minor One,N,2,2,"$75,000 to $99,999",New England
925,F45 - 59 Y,0,2,Minor One,Y,1,1,"$10,000 to $24,999",Middle Atlantic
926,F45 - 59 N,1,1,Minor One,N,4,4,"$10,000 to $24,999",Pacific
927,M45 - 59 N,0,0,No,N,4,4,"$150,000 to $174,999",West South Central
928,F60 N,0,0,Major One,N,0,0,Prefer not to answer,Pacific
929,F45 - 59 N,2,2,Major One,Y,2,2,"$50,000 to $74,999",Mountain
930,F30 - 44 N,0,0,No,N,1,0,"$200,000 and up",South Atlantic
931,M30 - 44 N,1,1,Minor One,N,2,1,"$75,000 to $99,999",South Atlantic
932,M60 Y,2,2,Minor One,Y,3,3,"$50,000 to $74,999",Pacific
933,F45 - 59 Y,2,2,Minor One,Y,2,0,"$50,000 to $74,999",Pacific
934,M30 - 44 Y,1,1,No,N,0,0,"$25,000 to $49,999",West North Central
935,M45 - 59 N,1,1,Minor One,N,2,2,"$75,000 to $99,999",East North Central
936,F60 N,2,1,No,N,2,1,"$125,000 to $149,999",South Atlantic
937,F30 - 44 Y,2,1,Minor One,N,4,1,"$200,000 and up",New England
938,F60 N,0,0,No,N,2,2,"$100,000 to $124,999",West North Central
939,F18 - 29 Y,2,2,Minor One,N,3,3,"$75,000 to $99,999",Pacific
940,M60 N,0,0,No,N,3,3,"$150,000 to $174,999",Mountain
941,M60 Y,2,2,Major One,Y,4,3,"$75,000 to $99,999",West North Central
942,F45 - 59 Y,0,0,No,N,1,0,"$50,000 to $74,999",Middle Atlantic
943,M60 N,0,0,Minor One,N,2,2,"$200,000 and up",Pacific
944,M45 - 59 Y,2,2,Minor One,Y,3,2,"$50,000 to $74,999",West South Central
945,F45 - 59 Y,2,2,Major One,Y,4,1,"$75,000 to $99,999",Pacific
946,M60 N,0,0,Minor One,N,2,2,"$100,000 to $124,999",Middle Atlantic
947,F18 - 29 Y,2,2,Minor One,N,3,1,"$50,000 to $74,999",Pacific
948,F45 - 59 N,0,0,No,N,2,1,"$25,000 to $49,999",West North Central
949,M60 Y,3,3,Minor One,Y,3,4,"$25,000 to $49,999",West North Central
950,F45 - 59 Y,4,4,Major One,N,2,1,"$50,000 to $74,999",Pacific
951,F45 - 59 Y,2,2,No,Y,0,0,"$0 to $9,999",Mountain
952,M45 - 59 Y,0,0,Minor One,N,4,4,"$100,000 to $124,999",Middle Atlantic
953,F60 N,1,1,Major One,Y,4,4,"$75,000 to $99,999",Pacific
954,F60 N,0,0,No,N,2,1,"$50,000 to $74,999",South Atlantic
955,F30 - 44 Y,2,3,No,N,2,1,"$0 to $9,999",East North Central
956,F45 - 59 Y,1,1,No,Y,3,2,"$75,000 to $99,999",East South Central
957,F45 - 59 Y,3,3,Major One,N,3,2,"$25,000 to $49,999",Pacific
958,M60 N,2,2,Major One,N,4,0,"$200,000 and up",Pacific
959,F30 - 44 Y,1,0,Minor One,N,3,2,"$75,000 to $99,999",Pacific
960,F30 - 44 N,1,1,Minor One,N,3,1,"$75,000 to $99,999",New England
961,F30 - 44 Y,2,2,Minor One,N,3,3,"$50,000 to $74,999",East North Central
962,M45 - 59 N,1,2,Minor One,N,3,0,"$25,000 to $49,999",Middle Atlantic
963,F30 - 44 N,0,0,Minor One,N,2,1,Prefer not to answer,South Atlantic
964,F30 - 44 N,1,1,Minor One,N,2,1,"$50,000 to $74,999",Mountain
965,M30 - 44 Y,0,0,Minor One,N,4,4,"$100,000 to $124,999",Middle Atlantic
966,M45 - 59 Y,0,1,Minor One,Y,3,4,"$100,000 to $124,999",Middle Atlantic
967,M30 - 44 Y,2,3,Major One,Y,4,4,"$50,000 to $74,999",Pacific
968,F30 - 44 N,1,1,No,N,1,1,"$25,000 to $49,999",East North Central
969,F60 N,1,0,No,N,0,1,"$25,000 to $49,999",South Atlantic
970,M60 Y,1,1,No,Y,2,2,"$75,000 to $99,999",Mountain
971,F30 - 44 Y,0,0,Minor One,N,3,3,"$10,000 to $24,999",South Atlantic
972,M45 - 59 N,0,0,No,N,0,0,"$100,000 to $124,999",East North Central
973,M45 - 59 Y,1,1,Minor One,N,3,3,"$200,000 and up",Middle Atlantic
974,F60 Y,2,3,Major One,Y,2,2,"$25,000 to $49,999",Pacific
975,F30 - 44 N,0,0,Minor One,N,1,0,"$25,000 to $49,999",East North Central
976,F18 - 29 N,2,1,No,N,2,0,"$75,000 to $99,999",Mountain
977,F60 N,2,2,Minor One,N,0,0,"$25,000 to $49,999",East South Central
978,F60 N,2,1,Minor One,Y,2,2,"$10,000 to $24,999",South Atlantic
979,F30 - 44 Y,0,0,No,N,2,0,"$25,000 to $49,999",West South Central
980,M60 N,0,1,Major One,N,4,4,"$75,000 to $99,999",West South Central
981,F18 - 29 N,0,0,Minor One,N,2,3,"$10,000 to $24,999",West North Central
982,F18 - 29 Y,4,4,Minor One,N,0,0,"$10,000 to $24,999",South Atlantic
983,M60 Y,1,1,Major One,Y,4,0,"$200,000 and up",Pacific
984,F45 - 59 N,1,1,No,N,1,1,"$75,000 to $99,999",
985,M45 - 59 N,0,0,Minor One,N,3,2,"$25,000 to $49,999",Pacific
986,F30 - 44 N,0,1,No,Y,1,1,"$0 to $9,999",East North Central
987,F45 - 59 N,0,0,No,N,4,2,"$50,000 to $74,999",South Atlantic
988,F30 - 44 Y,4,4,Major One,Y,4,4,"$0 to $9,999",Pacific
989,F30 - 44 Y,1,1,No,N,2,1,"$0 to $9,999",East North Central
990,F60 N,1,1,Minor One,N,4,4,"$10,000 to $24,999",New England
991,F30 - 44 Y,2,3,Minor One,N,4,1,Prefer not to answer,Pacific
992,,0,0,,,,,,
993,M45 - 59 Y,1,1,Minor One,N,3,2,"$75,000 to $99,999",New England
994,F30 - 44 N,0,0,Minor One,N,3,0,"$25,000 to $49,999",East South Central
995,F30 - 44 N,1,0,Minor One,N,2,0,"$75,000 to $99,999",South Atlantic
996,F45 - 59 N,0,0,No,N,3,1,"$100,000 to $124,999",Middle Atlantic
997,M45 - 59 N,1,2,Minor One,N,1,1,"$0 to $9,999",Pacific
998,F60 Y,1,1,Minor One,N,3,0,"$25,000 to $49,999",East North Central
999,F30 - 44 N,0,0,No,N,0,2,"$50,000 to $74,999",New England
1000,F60 N,0,1,No,N,2,0,"$50,000 to $74,999",Middle Atlantic
1001,F60 Y,1,1,Major One,N,4,2,"$75,000 to $99,999",South Atlantic
1002,M60 N,0,0,Major One,N,3,2,"$75,000 to $99,999",Mountain
1003,M45 - 59 Y,2,2,Minor One,Y,2,2,"$50,000 to $74,999",Pacific
1004,F18 - 29 N,0,0,No,N,0,0,"$10,000 to $24,999",East North Central
1005,F60 N,1,1,No,Y,2,2,"$200,000 and up",West North Central
1006,M45 - 59 N,0,0,Minor One,N,3,2,"$75,000 to $99,999",East North Central
1007,F60 N,0,0,No,N,2,2,Prefer not to answer,New England
1008,M60 N,0,0,Minor One,N,3,1,Prefer not to answer,Pacific
1009,F60 N,1,2,Major One,Y,4,2,"$50,000 to $74,999",Pacific
1010,F30 - 44 N,1,4,Minor One,N,2,2,Prefer not to answer,Middle Atlantic
1011,F30 - 44 N,0,1,No,N,2,2,"$50,000 to $74,999",East North Central
1012,,2,1,Minor One,N,,,,
